,commodity,cty_code,state,year,month,gen_val_mo,con_val_mo,air_val_mo,air_swt_mo,ves_val_mo,ves_swt_mo,cnt_val_mo,cnt_swt_mo,gen_val_yr,con_val_yr,air_val_yr,air_swt_yr,ves_val_yr,ves_swt_yr,cnt_val_yr,cnt_swt_yr,distance,gen_swt_mo,co2
992995,852849,2010,CA,2025,12,0,0,0,0,0,0,0,0,28133,28133,0,0,0,0,0,0,2847.1157327397364,0.0,0.0
993095,852852,2010,AL,2025,12,0,0,0,0,0,0,0,0,20107,20107,0,0,0,0,0,0,1977.845496829456,0.0,0.0
993096,852852,2010,AR,2025,12,74797,74797,0,0,0,0,0,0,141945,141945,0,0,0,0,0,0,1668.2260662611543,4322.531816296368,576876819.8551018
993097,852852,2010,AZ,2025,12,0,0,0,0,0,0,0,0,38688,38688,0,0,0,0,0,0,1844.4437636261728,0.0,0.0
993098,852852,2010,CA,2025,12,25343683,25343683,0,0,0,0,0,0,193420909,193420909,119413,279,0,0,0,0,2847.1157327397364,1464615.9085207877,333594479645.635
993099,852852,2010,CO,2025,12,0,0,0,0,0,0,0,0,70155,70155,0,0,0,0,0,0,2028.894379593746,0.0,0.0
993100,852852,2010,DE,2025,12,0,0,0,0,0,0,0,0,4393,4393,0,0,0,0,0,0,3563.9450849906952,0.0,0.0
993101,852852,2010,FL,2025,12,0,0,0,0,0,0,0,0,560213,560213,47795,791,152955,6720,152955,6720,2442.374792665254,0.0,0.0
993102,852852,2010,GA,2025,12,527374,527374,0,0,0,0,0,0,6971996,6971996,5162,13,0,0,0,0,2389.453883861842,30477.03643311203,5825877845.895871
993103,852852,2010,IA,2025,12,0,0,0,0,0,0,0,0,4783,4783,0,0,0,0,0,0,2513.410959944665,0.0,0.0
993104,852852,2010,IL,2025,12,325719,325719,0,0,0,0,0,0,5533157,5533157,15757,31,0,0,0,0,2522.072330734667,18823.35843245366,3797909717.9193964
993105,852852,2010,IN,2025,12,0,0,0,0,0,0,0,0,42050,42050,0,0,25956,263,25956,263,2660.9102858506853,0.0,0.0
993106,852852,2010,KY,2025,12,0,0,0,0,0,0,0,0,66593,66593,53051,118,0,0,0,0,2583.494941710599,0.0,0.0
993107,852852,2010,LA,2025,12,0,0,0,0,0,0,0,0,6201,6201,0,0,0,0,0,0,1325.1111591419326,0.0,0.0
993108,852852,2010,MA,2025,12,0,0,0,0,0,0,0,0,646001,646001,0,0,0,0,0,0,4192.271096849977,0.0,0.0
993109,852852,2010,MD,2025,12,77376,77376,0,0,0,0,0,0,827724,827724,0,0,0,0,0,0,3445.154709249837,4471.572680959767,1232420774.364917
993110,852852,2010,MI,2025,12,12896,12896,0,0,0,0,0,0,212526,212526,0,0,0,0,0,0,3197.531966266117,745.2621134932946,190639954.4913485
993111,852852,2010,MN,2025,12,19983,19983,7087,12,0,0,0,0,165966,165966,7087,12,0,0,0,0,3065.7983074123918,1154.8210928920987,283235884.156218
993112,852852,2010,MO,2025,12,0,0,0,0,0,0,0,0,11886,11886,0,0,0,0,0,0,2073.2760794465025,0.0,0.0
993113,852852,2010,NC,2025,12,2824,2824,0,0,0,0,0,0,2824,2824,0,0,0,0,0,0,3011.529391850041,163.19945785554154,39318397.12527643
993114,852852,2010,NH,2025,12,0,0,0,0,0,0,0,0,18063,18063,0,0,0,0,0,0,4225.382182099295,0.0,0.0
993115,852852,2010,NJ,2025,12,275125,275125,0,0,0,0,0,0,39990438,39990438,7028,128,53337,143,53337,143,3752.1214722537475,15899.522253011994,4772555107.528207
993116,852852,2010,NV,2025,12,854852,854852,0,0,0,0,0,0,862462,862462,0,0,0,0,0,0,2727.3254956820124,49402.04778566764,10778837157.180197
993117,852852,2010,NY,2025,12,98462,98462,46607,124,0,0,0,0,2248011,2248011,258693,651,0,0,0,0,3786.3681901126456,5690.13633830465,1723596098.300862
993118,852852,2010,OH,2025,12,434862,434862,0,0,0,0,0,0,3324962,3324962,0,0,0,0,0,0,2996.722411584126,25130.751643759388,6024790933.66467
993119,852852,2010,OK,2025,12,359359,359359,0,0,0,0,0,0,4170072,4170072,0,0,0,0,0,0,1471.4293258247562,20767.419962999134,2444623260.4220324
993120,852852,2010,OR,2025,12,0,0,0,0,0,0,0,0,50835,50835,0,0,0,0,0,0,3537.689510936759,0.0,0.0
993121,852852,2010,PA,2025,12,32880,32880,0,0,0,0,0,0,402423,402423,0,0,0,0,0,0,3512.434521496396,1900.1409965616876,533929666.5627069
993122,852852,2010,SC,2025,12,0,0,0,0,0,0,0,0,2064,2064,0,0,2064,29,2064,29,2670.87984783615,0.0,0.0
993123,852852,2010,TN,2025,12,0,0,0,0,0,0,0,0,338208,338208,18604,76,0,0,0,0,2219.5650339456356,0.0,0.0
993124,852852,2010,TX,2025,12,6430286,6430286,21942,460,0,0,0,0,27155086,27151431,296135,1739,26282,83,26282,83,852.8322792632797,371607.3615637673,25353500252.27531
993125,852852,2010,UT,2025,12,23596,23596,10700,24,0,0,0,0,170430,170430,10700,24,0,0,0,0,2366.930378300682,1363.6169998439655,258206920.1038335
993126,852852,2010,VA,2025,12,0,0,0,0,0,0,0,0,1020181,1020181,0,0,0,0,0,0,3150.808201829077,0.0,0.0
993127,852852,2010,WA,2025,12,59322,59322,0,0,0,0,0,0,443174,443174,0,0,0,0,0,0,3962.209195720608,3428.2288381396725,1086668786.2009268
993128,852852,2010,WI,2025,12,0,0,0,0,0,0,0,0,11821,11821,0,0,0,0,0,0,2965.575833992575,0.0,0.0
993129,852852,2010,WV,2025,12,0,0,0,0,0,0,0,0,181130,181130,0,0,0,0,0,0,3045.8665963584276,0.0,0.0
993998,852859,2010,AL,2025,12,0,0,0,0,0,0,0,0,5695,5695,0,0,0,0,0,0,1977.845496829456,0.0,0.0
993999,852859,2010,AZ,2025,12,0,0,0,0,0,0,0,0,12848,12848,0,0,0,0,0,0,1844.4437636261728,0.0,0.0
994000,852859,2010,CA,2025,12,4881458,4881458,42028,900,0,0,0,0,271710603,271706848,1123672,21119,0,0,0,0,2847.1157327397364,282100.3183939788,64253780376.83087
994001,852859,2010,CO,2025,12,0,0,0,0,0,0,0,0,4730,4730,0,0,0,0,0,0,2028.894379593746,0.0,0.0
994002,852859,2010,FL,2025,12,0,0,0,0,0,0,0,0,2794,2794,0,0,0,0,0,0,2442.374792665254,0.0,0.0
994003,852859,2010,GA,2025,12,32467,32467,0,0,0,0,0,0,1574551,1574551,0,0,0,0,0,0,2389.453883861842,1876.2736537520777,358661549.53164405
994004,852859,2010,HI,2025,12,0,0,0,0,0,0,0,0,8800,8800,0,0,8800,188,0,0,7356.246928090679,0.0,0.0
994005,852859,2010,IA,2025,12,32524,32524,0,0,0,0,0,0,1318552,1318552,0,0,0,0,0,0,2513.410959944665,1879.5676938008617,377930083.3245603
994006,852859,2010,IL,2025,12,63995,63995,0,0,2814,3,2814,3,896643,896643,55583,583,8570,100,6198,68,2522.072330734667,3698.282331963662,746186843.2552345
994007,852859,2010,IN,2025,12,5436,5436,0,0,0,0,0,0,6192041,6192041,2975,64,0,0,0,0,2660.9102858506853,314.14739833665857,66873443.48057978
994008,852859,2010,KS,2025,12,0,0,0,0,0,0,0,0,58528,58528,58528,1253,0,0,0,0,1871.6623073548635,0.0,0.0
994009,852859,2010,KY,2025,12,9548,9548,0,0,0,0,0,0,70955,70955,0,0,0,0,0,0,2583.494941710599,551.7806032594584,114041791.79638669
994010,852859,2010,MD,2025,12,0,0,0,0,0,0,0,0,4500,4500,4500,96,0,0,0,0,3445.154709249837,0.0,0.0
994011,852859,2010,MI,2025,12,2654386,2654386,0,0,0,0,0,0,32331249,32331249,303954,6496,0,0,0,0,3197.531966266117,153397.43489353382,39239456129.22398
994012,852859,2010,MN,2025,12,298480,298480,0,0,0,0,0,0,2298298,2298298,0,0,0,0,0,0,3065.7983074123918,17249.211820368993,4230608352.2468066
994013,852859,2010,NC,2025,12,0,0,0,0,0,0,0,0,5000,5000,5000,107,0,0,0,0,3011.529391850041,0.0,0.0
994014,852859,2010,NJ,2025,12,0,0,0,0,0,0,0,0,52174,52174,0,0,0,0,0,0,3752.1214722537475,0.0,0.0
994015,852859,2010,NV,2025,12,0,0,0,0,0,0,0,0,2633,2633,0,0,0,0,0,0,2727.3254956820124,0.0,0.0
994016,852859,2010,NY,2025,12,43489,43489,43489,41,0,0,0,0,141664,141664,98745,257,0,0,0,0,3786.3681901126456,2513.236976869563,761283243.4747027
994017,852859,2010,OK,2025,12,35952,35952,0,0,0,0,0,0,796595,796595,17192,127,0,0,0,0,1471.4293258247562,2077.672418138254,244571850.040469
994018,852859,2010,OR,2025,12,0,0,0,0,0,0,0,0,7760,0,0,0,0,0,0,0,3537.689510936759,0.0,0.0
994019,852859,2010,PA,2025,12,0,0,0,0,0,0,0,0,4900,4900,0,0,0,0,0,0,3512.434521496396,0.0,0.0
994020,852859,2010,PR,2025,12,0,0,0,0,0,0,0,0,393520,393520,2780,83,390740,18906,390740,18906,4633.757745291259,0.0,0.0
994021,852859,2010,TN,2025,12,28644,28644,0,0,0,0,0,0,121386,121386,11128,69,0,0,0,0,2219.5650339456356,1655.3418097783754,293931104.0169896
994022,852859,2010,TX,2025,12,8229517,8010424,0,0,0,0,0,0,107042968,106972242,23214,333,0,0,0,0,852.8322792632797,475585.2382482163,32447555417.535698
994023,852859,2010,UT,2025,12,375923,375923,0,0,0,0,0,0,2229967,2229967,84369,1807,0,0,0,0,2366.930378300682,21724.65644314049,4113659943.4731903
994024,852859,2010,WA,2025,12,0,0,0,0,0,0,0,0,30561,30561,12986,278,0,0,0,0,3962.209195720608,0.0,0.0
994025,852859,2010,WI,2025,12,55720,55720,0,0,0,0,0,0,228230,228230,0,0,0,0,0,0,2965.575833992575,3220.068623127045,763948615.4034648
994704,852862,2010,GA,2025,12,0,0,0,0,0,0,0,0,17500,17500,0,0,0,0,0,0,2389.453883861842,0.0,0.0
994705,852862,2010,TX,2025,12,0,0,0,0,0,0,0,0,223920,223920,0,0,0,0,0,0,852.8322792632797,0.0,0.0
994938,852869,2010,GA,2025,12,335545,335545,0,0,0,0,0,0,2275615,2275615,0,0,0,0,0,0,2389.453883861842,19391.20470472298,3706751151.5568275
994939,852869,2010,IL,2025,12,0,0,0,0,0,0,0,0,4170283,4170283,0,0,0,0,0,0,2522.072330734667,0.0,0.0
994940,852869,2010,KY,2025,12,0,0,0,0,0,0,0,0,16728503,16728503,0,0,0,0,0,0,2583.494941710599,0.0,0.0
994941,852869,2010,MI,2025,12,996009,996009,4452,6,0,0,0,0,24522639,24522639,4452,6,0,0,0,0,3197.531966266117,57559.53570086405,14723876429.355886
994942,852869,2010,TN,2025,12,3333,3333,0,0,0,0,0,0,59795,59795,0,0,0,0,0,0,2219.5650339456356,192.61465758941927,34201660.72087091
994943,852869,2010,TX,2025,12,0,0,0,0,0,0,0,0,86546,86546,0,0,0,0,0,0,852.8322792632797,0.0,0.0
995132,852871,2010,AZ,2025,12,0,0,0,0,0,0,0,0,72637,72637,0,0,0,0,0,0,1844.4437636261728,0.0,0.0
995133,852871,2010,CA,2025,12,0,0,0,0,0,0,0,0,26636,26636,0,0,0,0,0,0,2847.1157327397364,0.0,0.0
995134,852871,2010,CO,2025,12,742548,742548,0,0,0,0,0,0,9201133,9201133,0,0,0,0,0,0,2028.894379593746,42911.979827095136,6965109975.074682
995135,852871,2010,FL,2025,12,0,0,0,0,0,0,0,0,6720,6720,0,0,0,0,0,0,2442.374792665254,0.0,0.0
995136,852871,2010,GA,2025,12,0,0,0,0,0,0,0,0,537145,537145,0,0,0,0,0,0,2389.453883861842,0.0,0.0
995137,852871,2010,MI,2025,12,0,0,0,0,0,0,0,0,2185,2185,0,0,0,0,0,0,3197.531966266117,0.0,0.0
995138,852871,2010,NY,2025,12,0,0,0,0,0,0,0,0,7340,7340,0,0,0,0,0,0,3786.3681901126456,0.0,0.0
995139,852871,2010,PR,2025,12,2555,2555,0,0,2555,159,2555,159,2555,2555,0,0,2555,159,2555,159,4633.757745291259,147.6539004323331,54735392.38006303
995140,852871,2010,TN,2025,12,0,0,0,0,0,0,0,0,2545,2545,0,0,0,0,0,0,2219.5650339456356,0.0,0.0
995141,852871,2010,TX,2025,12,149184,149184,0,0,0,0,0,0,2354904,2354904,0,0,0,0,0,0,852.8322792632797,8621.369660312008,588206587.0220141
995283,852872,2010,AL,2025,12,45070,45070,0,0,0,0,0,0,962274,962274,0,0,0,0,0,0,1977.845496829456,2604.6032455910968,412120224.02557886
995284,852872,2010,AR,2025,12,405906,405906,0,0,0,0,0,0,4858113,4858113,0,0,0,0,0,0,1668.2260662611543,23457.379298977143,3130576927.4182777
995285,852872,2010,AZ,2025,12,417152,417152,0,0,0,0,0,0,11120919,11120919,0,0,0,0,0,0,1844.4437636261728,24107.287621584586,3557162904.92593
995286,852872,2010,CA,2025,12,573344740,573344740,0,0,0,0,0,0,6191340622,6191340622,19241,1120,55755,3445,55755,3445,2847.1157327397364,33133693.60209859,7546836827065.028
995287,852872,2010,CO,2025,12,693473,693473,0,0,0,0,0,0,8598588,8598588,0,0,0,0,0,0,2028.894379593746,40075.92692544474,6504785831.68356
995288,852872,2010,CT,2025,12,0,0,0,0,0,0,0,0,270886,270886,0,0,0,0,0,0,4008.468995508672,0.0,0.0
995289,852872,2010,DE,2025,12,50564,50564,0,0,0,0,0,0,488339,488339,0,0,0,0,0,0,3563.9450849906952,2922.102474152834,833137020.0476915
995290,852872,2010,FL,2025,12,1470035,1470035,0,0,2700,300,2700,300,43998121,43863858,0,0,49908,4734,38008,4275,2442.374792665254,84953.58180901948,16599078940.557974
995291,852872,2010,GA,2025,12,98985229,98985229,0,0,0,0,0,0,1253549973,1253549973,0,0,0,0,0,0,2389.453883861842,5720373.834457021,1093485558070.799
995292,852872,2010,IA,2025,12,0,0,0,0,0,0,0,0,556714,556714,0,0,0,0,0,0,2513.410959944665,0.0,0.0
995293,852872,2010,ID,2025,12,0,0,0,0,0,0,0,0,3496,3496,0,0,0,0,0,0,3135.4961214036584,0.0,0.0
995294,852872,2010,IL,2025,12,1452508,1452508,0,0,0,0,0,0,36153162,36153162,0,0,0,0,0,0,2522.072330734667,83940.69338910657,16936360017.547846
995295,852872,2010,IN,2025,12,2711507,2711507,0,0,0,0,0,0,38512152,38512152,0,0,0,0,0,0,2660.9102858506853,156698.4675536494,33356845127.243645
995296,852872,2010,KS,2025,12,0,0,0,0,0,0,0,0,485691,485691,0,0,0,0,0,0,1871.6623073548635,0.0,0.0
995297,852872,2010,KY,2025,12,33838,33838,0,0,0,0,0,0,3289157,3289157,0,0,0,0,0,0,2583.494941710599,1955.5039854517759,404162772.3927664
995298,852872,2010,LA,2025,12,54636,54636,0,0,0,0,0,0,264680,264680,0,0,0,0,0,0,1325.1111591419326,3157.4240720238554,334715029.7585738
995299,852872,2010,MA,2025,12,489907,489907,0,0,0,0,0,0,11449939,11449939,0,0,0,0,0,0,4192.271096849977,28311.811897887674,9495263257.517422
995300,852872,2010,MD,2025,12,1049645,1049645,0,0,0,0,0,0,17014933,17014933,0,0,0,0,0,0,3445.154709249837,60659.16959659345,16718417903.591078
995301,852872,2010,MI,2025,12,742354,742354,0,0,0,0,0,0,8398262,8398262,0,0,0,0,0,0,3197.531966266117,42900.76853289401,10974126300.904972
995302,852872,2010,MN,2025,12,359578,359578,0,0,0,0,0,0,9502456,9502456,0,0,0,0,0,0,3065.7983074123918,20780.07601160762,5096601749.142999
995303,852872,2010,MO,2025,12,63079,63079,0,0,0,0,0,0,3943521,3943521,0,0,0,0,0,0,2073.2760794465025,3645.346530477941,604624781.0346572
995304,852872,2010,MS,2025,12,992541,992541,0,0,0,0,0,0,19155622,19155622,0,0,0,0,0,0,1684.754570650966,57359.11936947488,7730883082.098972
995305,852872,2010,NC,2025,12,788970,788970,0,0,0,0,0,0,15987123,15987123,0,0,0,0,0,0,3011.529391850041,45594.715391036334,10984786041.051468
995306,852872,2010,ND,2025,12,0,0,0,0,0,0,0,0,3496,3496,0,0,0,0,0,0,3159.5610181066772,0.0,0.0
995307,852872,2010,NH,2025,12,63090,63090,0,0,0,0,0,0,655365,655365,0,0,0,0,0,0,4225.382182099295,3645.98222241718,1232453465.5081873
995308,852872,2010,NJ,2025,12,6245471,6245471,0,0,0,0,0,0,222920185,222920185,0,0,0,0,0,0,3752.1214722537475,360926.8701319076,108339316746.82161
995309,852872,2010,NM,2025,12,0,0,0,0,0,0,0,0,4976,4976,0,0,0,0,0,0,1437.7393942208892,0.0,0.0
995310,852872,2010,NV,2025,12,0,0,0,0,0,0,0,0,1510605,1510605,0,0,0,0,0,0,2727.3254956820124,0.0,0.0
995311,852872,2010,NY,2025,12,339808,339808,0,0,0,0,0,0,6317635,6317635,0,0,0,0,0,0,3786.3681901126456,19637.56422626624,5948403881.410283
995312,852872,2010,OH,2025,12,775267,775267,0,0,0,0,0,0,29954818,29954818,0,0,0,0,0,0,2996.722411584126,44802.816605273416,10740928369.849302
995313,852872,2010,OK,2025,12,123098,123098,0,0,0,0,0,0,2679697,2679697,0,0,0,0,0,0,1471.4293258247562,7113.855121494849,837402803.6348925
995314,852872,2010,OR,2025,12,43249,43249,0,0,0,0,0,0,234961,234961,0,0,0,0,0,0,3537.689510936759,2499.367334558894,707358848.2757571
995315,852872,2010,PA,2025,12,1283650,1283650,0,0,0,0,0,0,11604263,11604263,0,0,0,0,0,0,3512.434521496396,74182.35980037744,20844854515.912975
995316,852872,2010,PR,2025,12,181125,181125,0,0,181125,9394,181125,9394,5694406,5694406,0,0,5694406,318129,5694406,318129,4633.757745291259,10467.245681333203,3880214459.8195367
995317,852872,2010,SC,2025,12,20208322,20208322,0,0,0,0,0,0,52897617,52897617,0,0,0,0,0,0,2670.87984783615,1167842.490995118,249533357971.65045
995318,852872,2010,TN,2025,12,0,0,0,0,0,0,0,0,9452254,9452254,0,0,0,0,0,0,2219.5650339456356,0.0,0.0
995319,852872,2010,TX,2025,12,60969392,60969392,0,0,0,0,0,0,955745821,955745821,0,0,0,0,0,0,852.8322792632797,3523431.9122457476,240391717483.96136
995320,852872,2010,UT,2025,12,487999,487999,0,0,0,0,0,0,4474398,4474398,0,0,0,0,0,0,2366.930378300682,28201.548241517852,5340088099.836863
995321,852872,2010,VA,2025,12,58541,58541,0,0,0,0,0,0,2333788,2333788,0,0,0,0,0,0,3150.808201829077,3383.094710453703,852758604.9009675
995323,852872,2010,VT,2025,12,0,0,0,0,0,0,0,0,4999,4999,4999,372,0,0,0,0,4193.9997898419315,0.0,0.0
995324,852872,2010,WA,2025,12,1627354,1627354,0,0,0,0,0,0,18650178,18650178,0,0,0,0,0,0,3962.209195720608,94045.07455348688,29810100736.64447
995325,852872,2010,WI,2025,12,0,0,0,0,0,0,0,0,910715,910715,0,0,0,0,0,0,2965.575833992575,0.0,0.0
