,commodity,cty_code,dist_unlade,port_unlade,year,month,gen_val_mo,air_val_mo,air_swt_mo,ves_val_mo,ves_swt_mo,cnt_val_mo,cnt_swt_mo,gen_val_yr,air_val_yr,air_swt_yr,ves_val_yr,ves_swt_yr,cnt_val_yr,cnt_swt_yr,port_full,distance,co2
799090,845011,5520,10,03,2024,12,1405708,0,0,1405708,223317,1405708,223317,12207665,0,0,12207665,1841907,12207665,1841907,1003,20027.00655439514,31306597158.955013
799091,845011,5520,13,03,2024,12,10612,0,0,10612,2683,10612,2683,53083,0,0,53083,11817,53083,11817,1303,20589.05445521992,386683031.72348535
799092,845011,5520,14,01,2024,12,0,0,0,0,0,0,0,28435,0,0,28435,7013,28435,7013,1401,20353.93379194727,0.0
799093,845011,5520,16,01,2024,12,0,0,0,0,0,0,0,22892,0,0,22892,6745,22892,6745,1601,20856.23784850532,0.0
799094,845011,5520,17,03,2024,12,15017,0,0,15017,4488,15017,4488,641526,0,0,641526,100887,641526,100887,1703,20949.03024427143,658134734.1540313
799095,845011,5520,18,01,2024,12,105259,0,0,105259,13663,105259,13663,809038,0,0,809038,129065,809038,129065,1801,21276.406622826886,2034896805.8137863
799096,845011,5520,19,01,2024,12,0,0,0,0,0,0,0,8026,0,0,8026,2593,8026,2593,1901,21494.9028728793,0.0
799097,845011,5520,27,04,2024,12,826222,0,0,826222,89496,826222,89496,5762904,0,0,5762904,824534,5762904,824534,2704,13525.16778851572,8473138914.80702
799098,845011,5520,27,09,2024,12,11516,0,0,11516,2056,11516,2056,2181255,0,0,2181255,323782,2181255,323782,2709,13525.16778851572,194654214.81231827
799099,845011,5520,28,11,2024,12,6322,0,0,6322,1766,6322,1766,78205,0,0,78205,19932,78205,19932,2811,12896.948702420039,159432079.85931653
799100,845011,5520,29,04,2024,12,7813,0,0,7813,2442,7813,2442,49623,0,0,49623,10922,49623,10922,2904,12471.036582506531,213179899.34136665
799101,845011,5520,30,01,2024,12,84892,0,0,84892,11914,84892,11914,251943,0,0,251943,40039,251943,40039,3001,12376.560758683558,1032180414.1526914
799102,845011,5520,30,02,2024,12,84452,0,0,84452,11914,84452,11914,472688,0,0,472688,70226,472688,70226,3002,12411.976275046727,1035133997.3863469
799103,845011,5520,52,01,2024,12,40320,0,0,40320,7812,40320,7812,544152,0,0,544152,120378,544152,120378,5201,21231.81236872519,1161040427.5713685
799104,845011,5520,53,01,2024,12,3744,0,0,3744,1266,3744,1266,104013,0,0,104013,20324,104013,20324,5301,21740.992499011183,192668675.5262371
799105,845011,5700,10,03,2024,12,670835,0,0,670835,215222,670835,215222,17758034,0,0,17758034,3971742,17758034,3971742,1003,19777.210656566334,17025963327.71008
799106,845011,5700,13,03,2024,12,321324,0,0,321324,65700,321324,65700,4758599,0,0,4758599,1255378,4758599,1255378,1303,19663.71566713922,5167624477.324186
799107,845011,5700,14,01,2024,12,848992,0,0,848992,343716,848992,343716,8271760,0,0,8271760,3133569,8271760,3133569,1401,19428.595003866565,26711675841.396
799108,845011,5700,15,01,2024,12,0,0,0,0,0,0,0,85155,0,0,85155,36570,85155,36570,1501,19085.631985613796,0.0
799109,845011,5700,16,01,2024,12,1046010,0,0,1046010,265123,1046010,265123,18641438,0,0,18641438,4310485,18641438,4310485,1601,19013.219662419055,20163367346.23811
799110,845011,5700,17,03,2024,12,141279,0,0,141279,33275,141279,33275,4196259,0,0,4196259,1181964,4196259,1181964,1703,19022.34637113229,2531874301.997708
799111,845011,5700,18,01,2024,12,50192,0,0,50192,7173,50192,7173,831095,0,0,831095,142137,831095,142137,1801,18426.199929383,528684528.3738571
799112,845011,5700,18,03,2024,12,321324,0,0,321324,65700,321324,65700,1134478,0,0,1134478,238541,1134478,238541,1803,18893.35511925648,4965173725.340603
799113,845011,5700,27,04,2024,12,1486851,0,0,1486851,343437,1486851,343437,23586495,0,0,23586495,5608869,23586495,5608869,2704,10674.961095071822,14664706454.432724
799114,845011,5700,27,09,2024,12,2234073,0,0,2234073,622843,2234073,622843,63612155,0,0,63612155,14490949,63612155,14490949,2709,10674.961095071822,26595299173.351273
799115,845011,5700,28,01,2024,12,0,0,0,0,0,0,0,2143,2143,62,0,0,0,0,2801,10028.77593686844,0.0
799116,845011,5700,28,11,2024,12,0,0,0,0,0,0,0,39935,0,0,39935,13238,37605,12488,2811,10046.74200897614,0.0
799117,845011,5700,30,01,2024,12,320359,0,0,320359,138966,320359,138966,2521005,0,0,2521005,709603,2521005,709603,3001,9526.354065239659,5295357276.120378
799118,845011,5700,30,02,2024,12,208393,0,0,208393,49924,208393,49924,1924524,0,0,1924524,484627,1924524,484627,3002,9561.769581602828,1909447138.3677583
799119,845011,5700,30,04,2024,12,0,0,0,0,0,0,0,2206,0,0,0,0,0,0,3004,9411.309858073151,0.0
799120,845011,5700,31,26,2024,12,20860,20860,2020,0,0,0,0,20860,20860,2020,0,0,0,0,3126,7874.489457920036,0.0
799121,845011,5700,33,10,2024,12,0,0,0,0,0,0,0,14414,0,0,0,0,0,0,3310,3170.9707522911885,0.0
799122,845011,5700,38,01,2024,12,0,0,0,0,0,0,0,101080,0,0,0,0,0,0,3801,24380.013492499736,0.0
799124,845011,5700,41,03,2024,12,0,0,0,0,0,0,0,340620,0,0,0,0,0,0,4103,23098.554417499858,0.0
799125,845011,5700,49,09,2024,12,127500,0,0,127500,27910,127500,27910,328422,0,0,328422,70490,328422,70490,4909,17976.190706469046,2006861930.4702044
799126,845011,5700,52,01,2024,12,69989,0,0,69989,20857,69989,20857,1837313,0,0,154279,39896,154279,39896,5201,18401.999381665668,1535242004.4136033
799127,845011,5700,53,01,2024,12,0,0,0,0,0,0,0,148434,0,0,148434,53800,145459,50552,5301,18890.7858055673,0.0
799128,845011,5800,10,03,2024,12,477159,0,0,477159,87445,477159,87445,2560177,0,0,2560177,460762,2560177,460762,1003,18908.46650603098,7440528841.289456
799129,845011,5800,13,03,2024,12,0,0,0,0,0,0,0,5217,0,0,5217,924,5217,924,1303,18794.971516603866,0.0
799130,845011,5800,14,01,2024,12,0,0,0,0,0,0,0,19796,0,0,19796,3711,19796,3711,1401,18559.850853331212,0.0
799131,845011,5800,16,01,2024,12,0,0,0,0,0,0,0,24256,0,0,24256,4673,24256,4673,1601,18144.475511883702,0.0
799132,845011,5800,17,03,2024,12,31118,0,0,31118,6688,31118,6688,134351,0,0,134351,27643,134351,27643,1703,18153.60222059694,546350812.4310855
799133,845011,5800,18,01,2024,12,0,0,0,0,0,0,0,193099,0,0,193099,41426,193099,41426,1801,17557.455778847645,0.0
799134,845011,5800,18,03,2024,12,0,0,0,0,0,0,0,12523,0,0,12523,2151,12523,2151,1803,18024.61096872113,0.0
799135,845011,5800,19,01,2024,12,0,0,0,0,0,0,0,6876,0,0,6876,1097,6876,1097,1901,17775.952028900057,0.0
799136,845011,5800,20,06,2024,12,0,0,0,0,0,0,0,2477,0,0,0,0,0,0,2006,17784.88698611121,0.0
799137,845011,5800,27,04,2024,12,695132,0,0,695132,117650,695132,117650,2158640,0,0,2158640,390327,2158640,390327,2704,9806.216944536469,5191656405.86122
799138,845011,5800,27,09,2024,12,141534,0,0,141534,22827,141534,22827,598080,0,0,598080,104608,598080,104608,2709,9806.216944536469,1007309313.8682029
799139,845011,5800,28,11,2024,12,8814,0,0,8814,1592,8814,1592,144701,0,0,144701,26315,144701,26315,2811,9177.997858440787,65751176.6578698
799140,845011,5800,29,04,2024,12,0,0,0,0,0,0,0,7398,0,0,7398,1254,7398,1254,2904,8752.08573852728,0.0
799141,845011,5800,30,01,2024,12,108323,0,0,108323,17793,108323,17793,177427,0,0,177427,31389,177427,31389,3001,8657.609914704306,693201839.4555017
799142,845011,5800,30,02,2024,12,0,0,0,0,0,0,0,47808,0,0,47808,8463,47808,8463,3002,8693.025431067475,0.0
799143,845011,5800,53,01,2024,12,13345,0,0,13345,1921,13345,1921,212633,0,0,212633,41864,212633,41864,5301,18022.041655031942,155791539.08692363
799293,845020,5330,20,02,2024,12,0,0,0,0,0,0,0,5930,5930,800,0,0,0,0,2002,17647.858721628898,0.0
799316,845020,5520,10,01,2024,12,0,0,0,0,0,0,0,306172,0,0,306172,78120,306172,78120,1001,20026.308975778407,0.0
799317,845020,5520,10,03,2024,12,3902345,0,0,3902345,1107015,3902345,1107015,60199843,0,0,60199843,15291601,60199843,15291601,1003,20027.00655439514,155191376625.69617
799318,845020,5520,13,03,2024,12,170302,0,0,170302,58914,170302,58914,1019096,0,0,1019096,336898,1019096,336898,1303,20589.05445521992,8490884879.223784
799319,845020,5520,14,01,2024,12,300121,0,0,300121,94899,300121,94899,1880401,0,0,1880401,554435,1880401,554435,1401,20353.93379194727,13520975740.454027
799320,845020,5520,16,01,2024,12,89914,0,0,89914,26406,89914,26406,1385810,0,0,1385810,441938,1385810,441938,1601,20856.23784850532,3855108716.39342
799321,845020,5520,17,03,2024,12,680789,0,0,680789,226255,680789,226255,12852937,0,0,12852937,3385999,12852937,3385999,1703,20949.03024427143,33178759865.42343
799322,845020,5520,18,01,2024,12,1153878,0,0,1153878,321095,1153878,321095,12437133,0,0,12437133,3321847,12437133,3321847,1801,21276.406622826886,47822234491.896194
799323,845020,5520,18,03,2024,12,154252,0,0,154252,38085,154252,38085,6264080,0,0,6264080,1527652,6264080,1527652,1803,21171.556766823203,5644231176.251232
799324,845020,5520,19,01,2024,12,28737,0,0,28737,8730,28737,8730,511791,0,0,511791,163414,511791,163414,1901,21494.9028728793,1313553514.561654
799325,845020,5520,27,04,2024,12,7323827,0,0,7323827,1745917,7323827,1745917,102922522,0,0,102922522,23936534,101953170,23765118,2704,13525.16778851572,165296742588.75403
799326,845020,5520,27,09,2024,12,3857113,0,0,3857113,919019,3857113,919019,22068609,0,0,22068609,5769738,22068609,5769738,2709,13525.16778851572,87009203230.83751
799327,845020,5520,28,11,2024,12,374498,0,0,374498,101137,374498,101137,3310062,0,0,3310062,891130,3310062,891130,2811,12896.948702420039,9130510906.416588
799328,845020,5520,29,04,2024,12,44435,0,0,44435,15140,44435,15140,880037,0,0,880037,262270,880037,262270,2904,12471.036582506531,1321680457.0140421
799329,845020,5520,30,01,2024,12,342425,0,0,342425,72397,342425,72397,3075941,0,0,3075941,797156,3075941,797156,3001,12376.560758683558,6272181084.724895
799330,845020,5520,30,02,2024,12,632150,0,0,632150,151202,632150,151202,9956708,0,0,9956708,2485191,9956708,2485191,3002,12411.976275046727,13137009457.177307
799331,845020,5520,49,09,2024,12,292333,0,0,292333,58088,292333,58088,1201719,0,0,1201719,255164,1201719,255164,4909,20389.989128037603,8290895819.286139
799332,845020,5520,53,01,2024,12,738777,0,0,738777,190912,738777,190912,6333045,0,0,6333045,1558307,6333045,1558307,5301,21740.992499011183,29054314519.79856
799335,845020,5700,04,01,2024,12,2850,0,0,2850,359,2850,359,2850,0,0,2850,359,2850,359,0401,22786.719112209877,32721728.645133384
799336,845020,5700,10,01,2024,12,0,0,0,0,0,0,0,115777,0,0,115777,29188,115777,29188,1001,19776.513077949607,0.0
799337,845020,5700,10,03,2024,12,264949,0,0,264949,44895,264949,44895,4053500,0,0,4053500,1070995,4043400,1067295,1003,19777.210656566334,3551591489.7061825
799338,845020,5700,10,12,2024,12,0,0,0,0,0,0,0,72895,72895,14868,0,0,0,0,1012,19771.475786102517,0.0
799339,845020,5700,13,03,2024,12,4119392,0,0,4119392,1340523,4119392,1340523,25990918,0,0,25990918,8487341,25990918,8487341,1303,19663.71566713922,105438652469.04187
799340,845020,5700,14,01,2024,12,4300,0,0,4300,2804,4300,2804,5530759,0,0,5530759,1810387,5530759,1810387,1401,19428.595003866565,217911121.5633674
799341,845020,5700,16,01,2024,12,6293711,0,0,6293711,1948766,6293711,1948766,56943007,0,0,56943007,17670426,56943007,17670426,1601,19013.219662419055,148209264114.61493
799342,845020,5700,17,03,2024,12,2329128,0,0,2329128,733914,2329128,733914,16527785,0,0,16527785,5842471,16527785,5842471,1703,19022.34637113229,55843065258.49274
799343,845020,5700,18,01,2024,12,0,0,0,0,0,0,0,453399,0,0,453399,154551,453399,154551,1801,18426.199929383,0.0
799344,845020,5700,18,03,2024,12,2376124,0,0,2376124,796375,2376124,796375,12012381,0,0,12012381,3944383,12012381,3944383,1803,18893.35511925648,60184782732.39152
799345,845020,5700,19,01,2024,12,0,0,0,0,0,0,0,88464,0,0,88464,27836,88464,27836,1901,18644.696179435414,0.0
799346,845020,5700,20,02,2024,12,242284,0,0,242284,24964,242284,24964,2874171,0,0,2874171,308620,2874171,308620,2002,18653.835136477017,1862697361.388049
799347,845020,5700,20,06,2024,12,0,0,0,0,0,0,0,53589,0,0,0,0,0,0,2006,18653.631136646567,0.0
799348,845020,5700,27,04,2024,12,9529851,0,0,9529851,3202076,9529851,3202076,59005042,0,0,59005042,18095625,58952842,18076481,2704,10674.961095071822,136728146893.8528
799349,845020,5700,27,09,2024,12,8626687,0,0,8626687,2845836,8626687,2845836,89819826,0,0,89819826,27601792,89819826,27601792,2709,10674.961095071822,121516754331.81924
799350,845020,5700,28,09,2024,12,0,0,0,0,0,0,0,8573,0,0,8573,2839,8573,2839,2809,10028.77593686844,0.0
799351,845020,5700,28,11,2024,12,10481,0,0,10481,2884,10481,2884,158898,0,0,158898,49789,158898,49789,2811,10046.74200897614,115899215.81554875
799352,845020,5700,29,04,2024,12,0,0,0,0,0,0,0,82371,0,0,82371,22282,82371,22282,2904,9620.829889062636,0.0
799353,845020,5700,30,01,2024,12,498909,0,0,498909,149122,498909,149122,6242731,0,0,6242731,1902662,6242731,1902662,3001,9526.354065239659,5682355883.666674
799354,845020,5700,30,02,2024,12,1483854,0,0,1483854,496419,1483854,496419,9818713,0,0,9818713,3062633,9602236,3047933,3002,9561.769581602828,18986576375.718777
799355,845020,5700,35,01,2024,12,59385,0,0,0,0,0,0,621219,0,0,0,0,0,0,3501,24380.013492499736,0.0
799356,845020,5700,36,04,2024,12,9006,0,0,0,0,0,0,333713,0,0,91140,28833,91140,28833,3604,10541.191735416765,0.0
799357,845020,5700,38,01,2024,12,0,0,0,0,0,0,0,470266,0,0,0,0,0,0,3801,24380.013492499736,0.0
799360,845020,5700,41,02,2024,12,0,0,0,0,0,0,0,12540,12540,5094,0,0,0,0,4102,23187.632568251815,0.0
799361,845020,5700,41,10,2024,12,24714,0,0,0,0,0,0,130726,0,0,0,0,0,0,4110,23008.511291281877,0.0
799362,845020,5700,49,09,2024,12,593793,0,0,593793,130950,593793,130950,3431105,0,0,3431105,914371,3426105,913028,4909,17976.190706469046,9415928692.048487
799363,845020,5700,52,01,2024,12,88362,0,0,88362,19789,88362,19789,431524,0,0,431524,114826,431524,114826,5201,18401.999381665668,1456628663.0551276
799364,845020,5700,53,01,2024,12,59567,0,0,59567,19920,59567,19920,1334577,0,0,1334577,437183,1334577,437183,5301,18890.7858055673,1505217812.9876025
799365,845020,5800,09,01,2024,12,0,0,0,0,0,0,0,7324,0,0,0,0,0,0,0901,19150.238487995735,0.0
799366,845020,5800,10,01,2024,12,0,0,0,0,0,0,0,465235,0,0,465235,64351,465235,64351,1001,18907.768927414254,0.0
799367,845020,5800,10,03,2024,12,4871472,0,0,4871472,820055,4871472,820055,70916394,0,0,70916394,10910582,70916394,10910582,1003,18908.46650603098,69776921252.71457
799368,845020,5800,13,03,2024,12,52197,0,0,52197,8798,52197,8798,734813,0,0,734813,150716,734813,150716,1303,18794.971516603866,744111717.3138638
799369,845020,5800,14,01,2024,12,171792,0,0,171792,28880,171792,28880,2447637,0,0,2447637,444913,2447637,444913,1401,18559.850853331212,2412038216.8989244
799370,845020,5800,16,01,2024,12,0,0,0,0,0,0,0,1777762,0,0,1777762,316816,1777762,316816,1601,18144.475511883702,0.0
799371,845020,5800,17,03,2024,12,755003,0,0,755003,116014,755003,116014,20772835,0,0,20772835,3030860,20772835,3030860,1703,18153.60222059694,9477324036.0915
799372,845020,5800,18,01,2024,12,335650,0,0,335650,55643,335650,55643,11422272,0,0,11422272,1793030,11422272,1793030,1801,17557.455778847645,4396272803.560888
799373,845020,5800,18,03,2024,12,279750,0,0,279750,44800,279750,44800,851629,0,0,851629,157350,851629,157350,1803,18024.61096872113,3633761571.2941794
799374,845020,5800,19,01,2024,12,29582,0,0,29582,5152,29582,5152,995199,0,0,995199,195060,995199,195060,1901,17775.952028900057,412117671.83801895
799375,845020,5800,20,06,2024,12,0,0,0,0,0,0,0,75271,0,0,0,0,0,0,2006,17784.88698611121,0.0
799376,845020,5800,27,04,2024,12,9980410,0,0,9980410,1587869,9980410,1587869,136308365,0,0,136308365,19862957,136308365,19862957,2704,9806.216944536469,70069445520.7688
799377,845020,5800,27,09,2024,12,3078362,0,0,3078362,485971,3078362,485971,25575253,0,0,25575253,3792888,25575253,3792888,2709,9806.216944536469,21444916746.389996
799378,845020,5800,27,20,2024,12,17800,17800,1568,0,0,0,0,35700,35700,5242,0,0,0,0,2720,9930.55292675344,0.0
799379,845020,5800,28,11,2024,12,408197,0,0,408197,64261,408197,64261,4050565,0,0,4050565,682303,4050565,682303,2811,9177.997858440787,2654042941.7156854
799380,845020,5800,29,04,2024,12,10183,0,0,10183,1729,10183,1729,1280237,0,0,1280237,232251,1280237,232251,2904,8752.08573852728,68095603.0886115
799381,845020,5800,30,01,2024,12,771248,0,0,771248,110576,771248,110576,9633233,0,0,9633233,1391464,9633233,1391464,3001,8657.609914704306,4307957432.677545
799382,845020,5800,30,02,2024,12,472783,0,0,472783,73491,472783,73491,6912191,0,0,6912191,1010186,6912191,1010186,3002,8693.025431067475,2874866093.7956095
799383,845020,5800,30,04,2024,12,0,0,0,0,0,0,0,3342,0,0,0,0,0,0,3004,8542.565707537799,0.0
799384,845020,5800,31,26,2024,12,0,0,0,0,0,0,0,57868,57868,654,0,0,0,0,3126,7005.745307384682,0.0
799385,845020,5800,34,01,2024,12,0,0,0,0,0,0,0,21451,0,0,0,0,0,0,3401,23391.390800188976,0.0
799386,845020,5800,38,01,2024,12,0,0,0,0,0,0,0,100333,0,0,0,0,0,0,3801,23511.269341964384,0.0
799389,845020,5800,41,03,2024,12,0,0,0,0,0,0,0,173364,0,0,0,0,0,0,4103,22229.810266964505,0.0
799390,845020,5800,49,09,2024,12,96434,0,0,96434,12387,96434,12387,294046,0,0,294046,37345,294046,37345,4909,17107.446555933693,953594732.197578
799391,845020,5800,52,01,2024,12,0,0,0,0,0,0,0,41104,0,0,41104,6759,41104,6759,5201,17533.25523113031,0.0
799392,845020,5800,53,01,2024,12,275042,0,0,275042,53421,275042,53421,9562058,0,0,9562058,1533979,9562058,1533979,5301,18022.041655031942,4332399692.640576
