typeCode,freqCode,refPeriodId,refYear,refMonth,period,reporterCode,reporterISO,reporterDesc,flowCode,flowDesc,partnerCode,partnerISO,partnerDesc,partner2Code,partner2ISO,partner2Desc,classificationCode,classificationSearchCode,isOriginalClassification,cmdCode,cmdDesc,aggrLevel,isLeaf,customsCode,customsDesc,mosCode,motCode,motDesc,qtyUnitCode,qtyUnitAbbr,qty,isQtyEstimated,altQtyUnitCode,altQtyUnitAbbr,altQty,isAltQtyEstimated,netWgt,isNetWgtEstimated,grossWgt,isGrossWgtEstimated,cifvalue,fobvalue,primaryValue,legacyEstimationFlag,isReported,isAggregate
"C","A","20250101","2025","52","2025","31","AZE","Azerbaijan","M","Import","842","USA","USA","0","W00","World","H6","HS","true","851713","Telephone sets; smartphones for cellular or other wireless networks","6","true","C00","TOTAL CPC","0","0","TOTAL MOT","5","u","1","false","5","u","1","false","0.25","false","0","false","225.03",,"225.03","0","false","true",
"C","A","20250101","2025","52","2025","32","ARG","Argentina","M","Import","842","USA","USA","0","W00","World","H6","HS","true","851713","Telephone sets; smartphones for cellular or other wireless networks","6","true","C00","TOTAL CPC","0","0","TOTAL MOT","5","u","11","false","5","u","11","false","8.68","false","0","false","11168.33","11074.59","11168.33","0","false","true",
"C","A","20250101","2025","52","2025","36","AUS","Australia","M","Import","842","USA","USA","0","W00","World","H6","HS","true","851713","Telephone sets; smartphones for cellular or other wireless networks","6","true","C00","TOTAL CPC","0","0","TOTAL MOT","5","u","1667","false","5","u","1667","false","0","true","0","false","723498.286","688975.953","723498.286","4","false","true",
"C","A","20250101","2025","52","2025","64","BTN","Bhutan","M","Import","842","USA","USA","0","W00","World","H6","HS","true","851713","Telephone sets; smartphones for cellular or other wireless networks","6","true","C00","TOTAL CPC","0","0","TOTAL MOT","5","u","110","false","5","u","110","false","70.558","true","0","false","71213.374",,"71213.374","4","false","true",
"C","A","20250101","2025","52","2025","70","BIH","Bosnia Herzegovina","M","Import","842","USA","USA","0","W00","World","H6","HS","true","851713","Telephone sets; smartphones for cellular or other wireless networks","6","true","C00","TOTAL CPC","0","0","TOTAL MOT","5","u","77.661","true","8","kg","230.42","false","230.42","false","0","false","25489.642",,"25489.642","2","false","true",
"C","A","20250101","2025","52","2025","76","BRA","Brazil","M","Import","842","USA","USA","0","W00","World","H6","HS","true","851713","Telephone sets; smartphones for cellular or other wireless networks","6","true","C00","TOTAL CPC","0","0","TOTAL MOT","5","u","382","false","5","u","382","false","182","false","0","false","114934","112693","114934","0","false","true",
"C","A","20250101","2025","52","2025","84","BLZ","Belize","M","Import","842","USA","USA","0","W00","World","H6","HS","true","851713","Telephone sets; smartphones for cellular or other wireless networks","6","true","C00","TOTAL CPC","0","0","TOTAL MOT","5","u","5069.805","true","-1","N/A","0","false","33238.92","true","0","false","1663993.515",,"1663993.515","6","false","true",
"C","A","20250101","2025","52","2025","124","CAN","Canada","M","Import","842","USA","USA","0","W00","World","H6","HS","true","851713","Telephone sets; smartphones for cellular or other wireless networks","6","true","C00","TOTAL CPC","0","0","TOTAL MOT","5","u","38466","false","5","u","38466","false","6714.546","true","0","false",,"6776870.232","6776870.232","4","false","true",
"C","A","20250101","2025","52","2025","152","CHL","Chile","M","Import","842","USA","USA","0","W00","World","H6","HS","true","851713","Telephone sets; smartphones for cellular or other wireless networks","6","true","C00","TOTAL CPC","0","0","TOTAL MOT","5","u","20153.212","true","8","kg","25737.991","false","25737.991","false","0","false","6614615.698","6166276.758","6614615.698","2","true","false",
"C","A","20250101","2025","52","2025","191","HRV","Croatia","M","Import","842","USA","USA","0","W00","World","H6","HS","true","851713","Telephone sets; smartphones for cellular or other wireless networks","6","true","C00","TOTAL CPC","0","0","TOTAL MOT","5","u","269","false","5","u","269","false","68.498","false","0","false","95579",,"95579","0","true","false",
"C","A","20250101","2025","52","2025","196","CYP","Cyprus","M","Import","842","USA","USA","0","W00","World","H6","HS","true","851713","Telephone sets; smartphones for cellular or other wireless networks","6","true","C00","TOTAL CPC","0","0","TOTAL MOT","5","u","224","false","5","u","224","false","225","false","0","false","146993.855",,"146993.855","0","false","true",
"C","A","20250101","2025","52","2025","203","CZE","Czechia","M","Import","842","USA","USA","0","W00","World","H6","HS","true","851713","Telephone sets; smartphones for cellular or other wireless networks","6","true","C00","TOTAL CPC","0","0","TOTAL MOT","5","u","5126","false","5","u","5126","false","1064.494","true","0","false","1937089","1877885","1937089","4","false","true",
"C","A","20250101","2025","52","2025","208","DNK","Denmark","M","Import","842","USA","USA","0","W00","World","H6","HS","true","851713","Telephone sets; smartphones for cellular or other wireless networks","6","true","C00","TOTAL CPC","0","0","TOTAL MOT","5","u","1077","false","5","u","1077","false","800","false","0","false","945733.405",,"945733.405","0","true","false",
"C","A","20250101","2025","52","2025","222","SLV","El Salvador","M","Import","842","USA","USA","0","W00","World","H6","HS","true","851713","Telephone sets; smartphones for cellular or other wireless networks","6","true","C00","TOTAL CPC","0","0","TOTAL MOT","5","u","11168.989","true","8","kg","42055.56","false","42055.56","false","0","false","3665846.01",,"3665846.01","2","true","false",
"C","A","20250101","2025","52","2025","233","EST","Estonia","M","Import","842","USA","USA","0","W00","World","H6","HS","true","851713","Telephone sets; smartphones for cellular or other wireless networks","6","true","C00","TOTAL CPC","0","0","TOTAL MOT","5","u","3170","false","5","u","3170","false","994.143","false","0","false","1164727.31",,"1164727.31","0","false","true",
"C","A","20250101","2025","52","2025","242","FJI","Fiji","M","Import","842","USA","USA","0","W00","World","H6","HS","true","851713","Telephone sets; smartphones for cellular or other wireless networks","6","true","C00","TOTAL CPC","0","0","TOTAL MOT","5","u","2423.249","true","8","kg","1427.06","false","1427.06","false","0","false","795350.364",,"795350.364","2","true","false",
"C","A","20250101","2025","52","2025","246","FIN","Finland","M","Import","842","USA","USA","0","W00","World","H6","HS","true","851713","Telephone sets; smartphones for cellular or other wireless networks","6","true","C00","TOTAL CPC","0","0","TOTAL MOT","5","u","2397","false","5","u","2397","false","1470.905","true","0","false","909682.791",,"909682.791","4","false","true",
"C","A","20250101","2025","52","2025","344","HKG","China, Hong Kong SAR","M","Import","842","USA","USA","0","W00","World","H6","HS","true","851713","Telephone sets; smartphones for cellular or other wireless networks","6","true","C00","TOTAL CPC","0","0","TOTAL MOT","5","u","13454819.5","true","-1","N/A","0","false","4375479.961","true","0","false","4416093186.26",,"4416093186.26","6","true","false",
"C","A","20250101","2025","52","2025","348","HUN","Hungary","M","Import","842","USA","USA","0","W00","World","H6","HS","true","851713","Telephone sets; smartphones for cellular or other wireless networks","6","true","C00","TOTAL CPC","0","0","TOTAL MOT","5","u","1776.723","false","5","u","1776.723","false","650","false","0","false","533849.347",,"533849.347","0","false","true",
"C","A","20250101","2025","52","2025","352","ISL","Iceland","M","Import","842","USA","USA","0","W00","World","H6","HS","true","851713","Telephone sets; smartphones for cellular or other wireless networks","6","true","C00","TOTAL CPC","0","0","TOTAL MOT","5","u","101.86","true","-1","N/A","0","false","29.605","true","0","false","33431.982","30927.279","33431.982","6","true","false",
"C","A","20250101","2025","52","2025","360","IDN","Indonesia","M","Import","842","USA","USA","0","W00","World","H6","HS","true","851713","Telephone sets; smartphones for cellular or other wireless networks","6","true","C00","TOTAL CPC","0","0","TOTAL MOT","5","u","1662.775","true","8","kg","9059.578","false","9059.578","false","0","false","545750",,"545750","2","false","true",
"C","A","20250101","2025","52","2025","380","ITA","Italy","M","Import","842","USA","USA","0","W00","World","H6","HS","true","851713","Telephone sets; smartphones for cellular or other wireless networks","6","true","C00","TOTAL CPC","0","0","TOTAL MOT","5","u","1949","false","5","u","1949","false","619","false","0","false","760320.456",,"760320.456","0","true","false",
"C","A","20250101","2025","52","2025","392","JPN","Japan","M","Import","842","USA","USA","0","W00","World","H6","HS","true","851713","Telephone sets; smartphones for cellular or other wireless networks","6","true","C00","TOTAL CPC","0","0","TOTAL MOT","5","u","10620","false","5","u","10620","false","1194.78","true","0","false","1205870.247",,"1205870.247","4","true","false",
"C","A","20250101","2025","52","2025","417","KGZ","Kyrgyzstan","M","Import","842","USA","USA","0","W00","World","H6","HS","true","851713","Telephone sets; smartphones for cellular or other wireless networks","6","true","C00","TOTAL CPC","0","0","TOTAL MOT","5","u","6879.957","true","8","kg","1737","false","1737","false","0","false","2258115",,"2258115","2","false","true",
"C","A","20250101","2025","52","2025","428","LVA","Latvia","M","Import","842","USA","USA","0","W00","World","H6","HS","true","851713","Telephone sets; smartphones for cellular or other wireless networks","6","true","C00","TOTAL CPC","0","0","TOTAL MOT","5","u","91","false","5","u","91","false","36.422","true","0","false","78559.817",,"78559.817","4","false","true",
"C","A","20250101","2025","52","2025","440","LTU","Lithuania","M","Import","842","USA","USA","0","W00","World","H6","HS","true","851713","Telephone sets; smartphones for cellular or other wireless networks","6","true","C00","TOTAL CPC","0","0","TOTAL MOT","5","u","74","false","5","u","74","false","20.71","false","0","false","25120",,"25120","0","true","false",
"C","A","20250101","2025","52","2025","442","LUX","Luxembourg","M","Import","842","USA","USA","0","W00","World","H6","HS","true","851713","Telephone sets; smartphones for cellular or other wireless networks","6","true","C00","TOTAL CPC","0","0","TOTAL MOT","5","u","1977","false","5","u","1977","false","4412.058","false","0","false","838048.798","823301.418","838048.798","0","false","true",
"C","A","20250101","2025","52","2025","446","MAC","China, Macao SAR","M","Import","842","USA","USA","0","W00","World","H6","HS","true","851713","Telephone sets; smartphones for cellular or other wireless networks","6","true","C00","TOTAL CPC","0","0","TOTAL MOT","5","u","295.562","true","-1","N/A","0","false","207.339","true","0","false","97008.187",,"97008.187","6","false","true",
"C","A","20250101","2025","52","2025","458","MYS","Malaysia","M","Import","842","USA","USA","0","W00","World","H6","HS","true","851713","Telephone sets; smartphones for cellular or other wireless networks","6","true","C00","TOTAL CPC","0","0","TOTAL MOT","5","u","10842","false","5","u","10842","false","1433.807","true","0","false","1447115.795",,"1447115.795","4","false","true",
"C","A","20250101","2025","52","2025","480","MUS","Mauritius","M","Import","842","USA","USA","0","W00","World","H6","HS","true","851713","Telephone sets; smartphones for cellular or other wireless networks","6","true","C00","TOTAL CPC","0","0","TOTAL MOT","5","u","105","false","5","u","105","false","73","false","0","false","81203.69","79619.229","81203.69","0","false","true",
"C","A","20250101","2025","52","2025","484","MEX","Mexico","M","Import","842","USA","USA","0","W00","World","H6","HS","true","851713","Telephone sets; smartphones for cellular or other wireless networks","6","true","C00","TOTAL CPC","0","0","TOTAL MOT","5","u","2571","false","5","u","2571","false","0","true","0","false",,"1162427","1162427","4","false","true",
"C","A","20250101","2025","52","2025","498","MDA","Rep. of Moldova","M","Import","842","USA","USA","0","W00","World","H6","HS","true","851713","Telephone sets; smartphones for cellular or other wireless networks","6","true","C00","TOTAL CPC","0","0","TOTAL MOT","5","u","224","false","5","u","224","false","78.227","true","0","false","87409",,"87409","4","false","true",
"C","A","20250101","2025","52","2025","528","NLD","Netherlands","M","Import","842","USA","USA","0","W00","World","H6","HS","true","851713","Telephone sets; smartphones for cellular or other wireless networks","6","true","C00","TOTAL CPC","0","0","TOTAL MOT","5","u","276409","false","5","u","276409","false","61333","false","0","false","88079273.26",,"88079273.26","0","true","false",
"C","A","20250101","2025","52","2025","554","NZL","New Zealand","M","Import","842","USA","USA","0","W00","World","H6","HS","true","851713","Telephone sets; smartphones for cellular or other wireless networks","6","true","C00","TOTAL CPC","0","0","TOTAL MOT","5","u","1956.071","true","-1","N/A","0","false","636.11","true","902","false","642014.81","628669.911","642014.81","6","true","false",
"C","A","20250101","2025","52","2025","579","NOR","Norway","M","Import","842","USA","USA","0","W00","World","H6","HS","true","851713","Telephone sets; smartphones for cellular or other wireless networks","6","true","C00","TOTAL CPC","0","0","TOTAL MOT","5","u","4182.681","true","8","kg","2171","false","2171","false","0","false","1372824.773",,"1372824.773","2","false","true",
"C","A","20250101","2025","52","2025","586","PAK","Pakistan","M","Import","842","USA","USA","0","W00","World","H6","HS","true","851713","Telephone sets; smartphones for cellular or other wireless networks","6","true","C00","TOTAL CPC","0","0","TOTAL MOT","5","u","35","false","5","u","35","false","12.172","true","0","false","12285.137",,"12285.137","4","true","false",
"C","A","20250101","2025","52","2025","591","PAN","Panama","M","Import","842","USA","USA","0","W00","World","H6","HS","true","851713","Telephone sets; smartphones for cellular or other wireless networks","6","true","C00","TOTAL CPC","0","0","TOTAL MOT","5","u","231958.78","true","8","kg","76385","false","91110","false","91110","false","76132689",,"76132689","2","false","true",
"C","A","20250101","2025","52","2025","600","PRY","Paraguay","M","Import","842","USA","USA","0","W00","World","H6","HS","true","851713","Telephone sets; smartphones for cellular or other wireless networks","6","true","C00","TOTAL CPC","0","0","TOTAL MOT","5","u","13317.99","true","8","kg","6032.241","false","6032.241","false","0","false","4371183.421","4305394.79","4371183.421","2","false","true",
"C","A","20250101","2025","52","2025","620","PRT","Portugal","M","Import","842","USA","USA","0","W00","World","H6","HS","true","851713","Telephone sets; smartphones for cellular or other wireless networks","6","true","C00","TOTAL CPC","0","0","TOTAL MOT","5","u","775.37","true","-1","N/A","0","false","219.751","true","0","false","341572.465",,"341572.465","6","false","true",
"C","A","20250101","2025","52","2025","642","ROU","Romania","M","Import","842","USA","USA","0","W00","World","H6","HS","true","851713","Telephone sets; smartphones for cellular or other wireless networks","6","true","C00","TOTAL CPC","0","0","TOTAL MOT","5","u","125","false","5","u","125","false","50.6","false","0","false","175582.94","168505.69","175582.94","0","false","true",
"C","A","20250101","2025","52","2025","688","SRB","Serbia","M","Import","842","USA","USA","0","W00","World","H6","HS","true","851713","Telephone sets; smartphones for cellular or other wireless networks","6","true","C00","TOTAL CPC","0","0","TOTAL MOT","5","u","84","false","5","u","84","false","24.261","true","0","false","53773","52570","53773","4","false","true",
"C","A","20250101","2025","52","2025","703","SVK","Slovakia","M","Import","842","USA","USA","0","W00","World","H6","HS","true","851713","Telephone sets; smartphones for cellular or other wireless networks","6","true","C00","TOTAL CPC","0","0","TOTAL MOT","5","u","594","false","5","u","594","false","267.575","true","0","false","200319.708","194789.682","200319.708","4","false","true",
"C","A","20250101","2025","52","2025","705","SVN","Slovenia","M","Import","842","USA","USA","0","W00","World","H6","HS","true","851713","Telephone sets; smartphones for cellular or other wireless networks","6","true","C00","TOTAL CPC","0","0","TOTAL MOT","5","u","1499","false","5","u","1499","false","308.486","false","0","false","574012.14",,"574012.14","0","false","true",
"C","A","20250101","2025","52","2025","710","ZAF","South Africa","M","Import","842","USA","USA","0","W00","World","H6","HS","true","851713","Telephone sets; smartphones for cellular or other wireless networks","6","true","C00","TOTAL CPC","0","0","TOTAL MOT","5","u","52550","false","5","u","52550","false","0","true","0","false",,"10541337.211","10541337.211","4","false","true",
"C","A","20250101","2025","52","2025","724","ESP","Spain","M","Import","842","USA","USA","0","W00","World","H6","HS","true","851713","Telephone sets; smartphones for cellular or other wireless networks","6","true","C00","TOTAL CPC","0","0","TOTAL MOT","5","u","5690.909","true","-1","N/A","0","false","1932.486","false","0","false","2009267.718",,"2009267.718","2","false","true",
"C","A","20250101","2025","52","2025","752","SWE","Sweden","M","Import","842","USA","USA","0","W00","World","H6","HS","true","851713","Telephone sets; smartphones for cellular or other wireless networks","6","true","C00","TOTAL CPC","0","0","TOTAL MOT","5","u","1798","false","5","u","1798","false","866.26","true","0","false","1813154.357",,"1813154.357","4","false","true",
"C","A","20250101","2025","52","2025","818","EGY","Egypt","M","Import","842","USA","USA","0","W00","World","H6","HS","true","851713","Telephone sets; smartphones for cellular or other wireless networks","6","true","C00","TOTAL CPC","0","0","TOTAL MOT","5","u","94.957","true","-1","N/A","0","false","30.88","true","0","false","31166.355",,"31166.355","6","true","false",
"C","A","20250101","2025","52","2025","826","GBR","United Kingdom","M","Import","842","USA","USA","0","W00","World","H6","HS","true","851713","Telephone sets; smartphones for cellular or other wireless networks","6","true","C00","TOTAL CPC","0","0","TOTAL MOT","5","u","86942","false","5","u","86942","false","23717.811","true","0","false","21712438.318",,"21712438.318","4","false","true",
